﻿<DataModelInfo xmlns="http://schemas.qualisystems.com/ResourceManagement/DataModelSchema.xsd" xmlns:xsi="http://www.w3.org/2001/XMLSchema-instance">
  <Attributes>
	<AttributeInfo DefaultValue="" Description="The Operating System (OS) architecture - i.e: x86_32, x86_64, etc." IsReadOnly="false" Name="OS Architecture" Type="String">
      <Rules>
		<Rule Name="Setting" />
		<Rule Name="Available For Abstract Resources" />
      </Rules>
    </AttributeInfo>
	<AttributeInfo DefaultValue="" Description="The Operating System (OS) type - i.e: linux, aix, mac, windows, etc." IsReadOnly="false" Name="OS Type" Type="String">
      <Rules>
		<Rule Name="Setting" />
		<Rule Name="Available For Abstract Resources" />
      </Rules>
    </AttributeInfo>
	<AttributeInfo DefaultValue="" Description="The Operating System (OS) distribution. i.e: linux distributions: debian, fedora, rhel and ubuntu" IsReadOnly="false" Name="OS Distribution" Type="String">
      <Rules>
		<Rule Name="Setting" />
		<Rule Name="Available For Abstract Resources" />
	</Rules>
    </AttributeInfo>
	<AttributeInfo DefaultValue="" Description="The Operating System version" IsReadOnly="false" Name="OS Version" Type="String">
      <Rules>
		<Rule Name="Setting" />
		<Rule Name="Available For Abstract Resources" />
      </Rules>
    </AttributeInfo>
	<AttributeInfo DefaultValue="" Description="The storage size in MB." IsReadOnly="false" Name="Storage Capacity" Type="String">
      <Rules>
		<Rule Name="Setting" />
		<Rule Name="Available For Abstract Resources" />
      </Rules>
    </AttributeInfo>
    <AttributeInfo DefaultValue="" IsReadOnly="false" Name="User" Type="String">
      <Rules>
        <Rule Name="Configuration" />
      </Rules>
    </AttributeInfo>
    <AttributeInfo DefaultValue="3M3u7nkDzxWb0aJ/IZYeWw==" IsReadOnly="false" Name="Password" Type="Password">
      <Rules>
        <Rule Name="Configuration" />
      </Rules>
    </AttributeInfo>
    <AttributeInfo DefaultValue="3M3u7nkDzxWb0aJ/IZYeWw==" Description="The Enable password is required by some CLI protocols such as Telnet" IsReadOnly="false" Name="Enable Password" Type="Password">
      <Rules>
        <Rule Name="Configuration" />
      </Rules>
    </AttributeInfo>
    <AttributeInfo DefaultValue="False" Description="Used by the power management orchestration, if enabled, to determine whether to automatically manage the device power status" IsReadOnly="false" Name="Power Management" Type="Boolean">
      <Rules>
        <Rule Name="Configuration" />
      </Rules>
    </AttributeInfo>
    <AttributeInfo DefaultValue="" Description="A unique identifier for the device, if exists in the device terminal/os  " IsReadOnly="true" Name="System Name" Type="String">
      <Rules Override="false">
	     <Rule Name="Setting" />
      </Rules>
    </AttributeInfo>
    <AttributeInfo DefaultValue="" IsReadOnly="true" Name="Port Description" Type="String">
      <Rules Override="false">
	     <Rule Name="Setting" />
      </Rules>
    </AttributeInfo>
    <AttributeInfo DefaultValue="" Description="The port speed (e.g 10Gb/s, 40Gb/s, 100Mb/s)" IsReadOnly="true" Name="Port Speed" Type="String">
      <Rules Override="false">
       <Rule Name="Setting" />
       <Rule Name="Available For Abstract Resources" />
      </Rules>
    </AttributeInfo>
    <AttributeInfo DefaultValue="" IsReadOnly="true" Name="Version" Type="String">
      <Rules Override="false">
	     <Rule Name="Setting" />
	     <Rule Name="Available For Abstract Resources" />
      </Rules>
    </AttributeInfo>
    <AttributeInfo DefaultValue="" IsReadOnly="false" Name="Vendor" Type="String">
      <Rules Override="false">
	     <Rule Name="Setting" />
        <Rule Name="Admin Only" />
        <Rule Name="Displayed In Search Filter" />
	     <Rule Name="Available For Abstract Resources" />
      </Rules>
    </AttributeInfo>
    <AttributeInfo DefaultValue="" Description="The device physical location identifier. For example: Lab1/Floor2/Row5/Slot4" IsReadOnly="false" Name="Location" Type="String">
      <Rules Override="false">
	     <Rule Name="Setting" />
        <Rule Name="Admin Only" />
	     <Rule Name="Available For Abstract Resources" />
      </Rules>
    </AttributeInfo>
    <AttributeInfo DefaultValue="" Description="Used by the save/restore orchestration to determine where backups should be saved" IsReadOnly="false" Name="Backup Location" Type="String">
      <Rules>
        <Rule Name="Configuration" />
      </Rules>
    </AttributeInfo>
    <AttributeInfo DefaultValue="" Description="The device model. This information is typically used for abstract resource filtering." IsReadOnly="false" Name="Model" Type="String">
      <Rules Override="false">
      	<Rule Name="Setting" />
        <Rule Name="Displayed In Search Filter" />
        <Rule Name="Admin Only" />
	       <Rule Name="Available For Abstract Resources" />
      </Rules>
    </AttributeInfo>
    <AttributeInfo DefaultValue="" IsReadOnly="false" Name="SNMP Read Community" Type="String">
      <Rules>
        <Rule Name="Configuration" />
      </Rules>
    </AttributeInfo>
    <AttributeInfo DefaultValue="" IsReadOnly="false" Name="SNMP Write Community" Type="String">
      <Rules>
        <Rule Name="Configuration" />
      </Rules>
    </AttributeInfo>
    <AttributeInfo DefaultValue="" IsReadOnly="false" Name="SNMP V3 Password" Type="String">
      <Rules>
        <Rule Name="Configuration" />
      </Rules>
    </AttributeInfo>
    <AttributeInfo DefaultValue="" IsReadOnly="false" Name="SNMP V3 Private Key" Type="String">
      <Rules>
        <Rule Name="Configuration" />
      </Rules>
    </AttributeInfo>
    <AttributeInfo DefaultValue="" IsReadOnly="false" Name="SNMP V3 User" Type="String">
      <Rules>
        <Rule Name="Configuration" />
      </Rules>
    </AttributeInfo>
    <AttributeInfo DefaultValue="" IsReadOnly="false" Name="SNMP Version" Type="String">
      <Rules>
        <Rule Name="Configuration" />
      </Rules>
    </AttributeInfo>
    <AttributeInfo DefaultValue="1" IsReadOnly="false" Name="Sessions Concurrency Limit" Type="Numeric">
      <Rules>
        <Rule Name="Configuration" />
      </Rules>
    </AttributeInfo>
    <AttributeInfo DefaultValue="" IsReadOnly="false" Name="Console Server IP Address" Type="String">
      <Rules>
        <Rule Name="Configuration" />
      </Rules>
    </AttributeInfo>
    <AttributeInfo DefaultValue="" IsReadOnly="false" Name="Console User" Type="String">
      <Rules>
        <Rule Name="Configuration" />
      </Rules>
    </AttributeInfo>
    <AttributeInfo DefaultValue="3M3u7nkDzxWb0aJ/IZYeWw==" IsReadOnly="false" Name="Console Password" Type="Password">
      <Rules>
        <Rule Name="Configuration" />
      </Rules>
    </AttributeInfo>
    <AttributeInfo DefaultValue="0" IsReadOnly="false" Name="Console Port" Type="Numeric">
      <Rules>
        <Rule Name="Configuration" />
      </Rules>
    </AttributeInfo>
    <AttributeInfo DefaultValue="0" IsReadOnly="false" Name="CPU usage" Type="Numeric">
      <Rules>
        <Rule Name="Setting" />
        <Rule Name="Monitor Modifications" />
      </Rules>
    </AttributeInfo>
    <AttributeInfo DefaultValue="0" IsReadOnly="false" Name="Memory usage" Type="Numeric">
      <Rules>
        <Rule Name="Setting" />
        <Rule Name="Monitor Modifications" />
      </Rules>
    </AttributeInfo>
    <AttributeInfo DefaultValue="0" IsReadOnly="false" Name="Memory Size" Type="Numeric">
      <Rules>
        <Rule Name="Setting" />
        <Rule Name="Admin Only" />
      </Rules>
    </AttributeInfo>
    <AttributeInfo DefaultValue="0" IsReadOnly="false" Name="Number of CPUs" Type="Numeric">
      <Rules>
        <Rule Name="Setting" />
        <Rule Name="Admin Only" />
      </Rules>
    </AttributeInfo>
    <AttributeInfo DefaultValue="Auto" IsCommand="false" IsReadOnly="false" Name="CLI Connection Type" Type="Lookup" xsi:type="LookupAttributeDetails">
      <Rules>
        <Rule Name="Configuration" />
      </Rules>
            <LookupValues>
                <LookupValue NumericValue="0" StringValue="Auto" />
                <LookupValue NumericValue="1" StringValue="Console" />
                <LookupValue NumericValue="2" StringValue="SSH" />
                <LookupValue NumericValue="3" StringValue="Telnet" />
                <LookupValue NumericValue="4" StringValue="TCP" />
            </LookupValues>
        </AttributeInfo>
    <AttributeInfo DefaultValue="" IsReadOnly="false" Name="Serial Number" Type="String">
      <Rules Override="false">
	     <Rule Name="Setting" />
        <Rule Name="Admin Only" />
	     <Rule Name="Available For Abstract Resources" />
      </Rules>
    </AttributeInfo>
    <AttributeInfo DefaultValue="" IsReadOnly="false" Name="MAC Address" Type="String">
      <Rules Override="false">
	     <Rule Name="Setting" />
	     <Rule Name="Available For Abstract Resources" />
      </Rules>
    </AttributeInfo>
    <AttributeInfo DefaultValue="" IsReadOnly="false" Name="IPv4 Address" Type="String">
      <Rules Override="false">
	     <Rule Name="Setting" />
	     <Rule Name="Available For Abstract Resources" />
      </Rules>
    </AttributeInfo>
    <AttributeInfo DefaultValue="" IsReadOnly="false" Name="IPv6 Address" Type="String">
      <Rules Override="false">
	     <Rule Name="Setting" />
	     <Rule Name="Available For Abstract Resources" />
      </Rules>
    </AttributeInfo>

    <AttributeInfo DefaultValue="" IsReadOnly="false" Name="ESX Gateway" Type="String">
      <Rules>
        <Rule Name="Configuration" />
      </Rules>
    </AttributeInfo>
    <AttributeInfo DefaultValue="" IsReadOnly="false" Name="ESX DNS1" Type="String">
      <Rules>
        <Rule Name="Configuration" />
      </Rules>
    </AttributeInfo>
    <AttributeInfo DefaultValue="" IsReadOnly="false" Name="ESX DNS2" Type="String">
      <Rules>
        <Rule Name="Configuration" />
      </Rules>
    </AttributeInfo>
    <AttributeInfo DefaultValue="" IsReadOnly="false" Name="ESX Root Password" Type="String">
      <Rules>
        <Rule Name="Configuration" />
      </Rules>
    </AttributeInfo>
    <AttributeInfo DefaultValue="" IsReadOnly="false" Name="ESX Domain" Type="String">
      <Rules>
        <Rule Name="Configuration" />
      </Rules>
    </AttributeInfo>

    <AttributeInfo DefaultValue="" IsReadOnly="false" Name="ESX Repo URL" Type="String">
      <Rules>
        <Rule Name="Configuration" />
      </Rules>
    </AttributeInfo>
    <AttributeInfo DefaultValue="" IsReadOnly="false" Name="ESX Netmask" Type="String">
      <Rules>
        <Rule Name="Configuration" />
      </Rules>
    </AttributeInfo>
    <AttributeInfo DefaultValue="" IsReadOnly="false" Name="VisionID IP" Type="String">
      <Rules>
        <Rule Name="Configuration" />
        <Rule Name="Admin Only" />
      </Rules>
    </AttributeInfo>
    <AttributeInfo DefaultValue="" IsReadOnly="false" Name="BIOS Version" Type="String">
      <Rules>
        <Rule Name="Setting" />
      </Rules>
    </AttributeInfo>


    <AttributeInfo DefaultValue="" IsReadOnly="false" Name="ESX PXE Network IP" Type="String">
      <Rules>
        <Rule Name="Configuration" />
      </Rules>
    </AttributeInfo>
    <AttributeInfo DefaultValue="" IsReadOnly="false" Name="ESX PXE Network Gateway" Type="String">
      <Rules>
        <Rule Name="Configuration" />
      </Rules>
    </AttributeInfo>
    <AttributeInfo DefaultValue="" IsReadOnly="false" Name="ESX PXE Network Netmask" Type="String">
      <Rules>
        <Rule Name="Configuration" />
      </Rules>
    </AttributeInfo>

   <AttributeInfo DefaultValue="True" IsReadOnly="false" Name="Requires OS Deployment" Type="Boolean">
      <Rules>
        <Rule Name="Configuration" />
        <Rule Name="Setting" />
      </Rules>
    </AttributeInfo>

  </Attributes>
  <ResourceFamilies>
    <ResourceFamily Description="" IsConnectable="false" IsLockedByDefault="true" IsSearchable="true" Name="Compute Server" ResourceType="Resource">
      <AttachedAttributes>
      </AttachedAttributes>
      <AttributeValues>
      </AttributeValues>
      <Models>
      <ResourceModel Description="" Name="ComputeShell" SupportsConcurrentCommands="true">
            <AttachedAttributes>
                <AttachedAttribute IsLocal="true" IsOverridable="true" Name="OS Architecture">
                  <AllowedValues />
                </AttachedAttribute>
                <AttachedAttribute IsLocal="true" IsOverridable="true" Name="OS Type">
                  <AllowedValues />
                </AttachedAttribute>
                <AttachedAttribute IsLocal="true" IsOverridable="true" Name="OS Distribution">
                  <AllowedValues />
                </AttachedAttribute>
                <AttachedAttribute IsLocal="true" IsOverridable="true" Name="OS Version">
                  <AllowedValues />
                </AttachedAttribute>
                <AttachedAttribute IsLocal="true" IsOverridable="true" Name="Storage Capacity">
                  <AllowedValues />
                </AttachedAttribute>
                <AttachedAttribute IsLocal="true" IsOverridable="true" Name="User">
                  <AllowedValues />
                </AttachedAttribute>
                <AttachedAttribute IsLocal="true" IsOverridable="true" Name="Password">
                  <AllowedValues />
                </AttachedAttribute>
                <AttachedAttribute IsLocal="true" IsOverridable="true" Name="Power Management">
                  <AllowedValues />
                </AttachedAttribute>
                <AttachedAttribute IsLocal="true" IsOverridable="true" Name="Enable Password">
                  <AllowedValues />
                </AttachedAttribute>
                <AttachedAttribute IsLocal="true" IsOverridable="true" Name="System Name">
                  <AllowedValues />
                </AttachedAttribute>
                <AttachedAttribute IsLocal="true" IsOverridable="true" Name="Vendor">
                  <AllowedValues />
                </AttachedAttribute>
                <AttachedAttribute IsLocal="true" IsOverridable="true" Name="Location">
                  <AllowedValues />
                </AttachedAttribute>
                <AttachedAttribute IsLocal="true" IsOverridable="true" Name="Backup Location">
                  <AllowedValues />
                </AttachedAttribute>
                <AttachedAttribute IsLocal="true" IsOverridable="true" Name="Model">
                  <AllowedValues />
                </AttachedAttribute>
                <AttachedAttribute IsLocal="true" IsOverridable="true" Name="SNMP Read Community">
                  <AllowedValues />
                </AttachedAttribute>
                <AttachedAttribute IsLocal="true" IsOverridable="true" Name="SNMP Write Community">
                  <AllowedValues />
                </AttachedAttribute>
                <AttachedAttribute IsLocal="true" IsOverridable="true" Name="SNMP V3 Password">
                  <AllowedValues />
                </AttachedAttribute>
                <AttachedAttribute IsLocal="true" IsOverridable="true" Name="SNMP V3 Private Key">
                  <AllowedValues />
                </AttachedAttribute>
                <AttachedAttribute IsLocal="true" IsOverridable="true" Name="SNMP V3 User">
                  <AllowedValues />
                </AttachedAttribute>
                <AttachedAttribute IsLocal="true" IsOverridable="true" Name="SNMP Version">
                  <AllowedValues />
                </AttachedAttribute>
                <AttachedAttribute IsLocal="true" IsOverridable="true" Name="Sessions Concurrency Limit">
                  <AllowedValues />
                </AttachedAttribute>
                <AttachedAttribute IsLocal="true" IsOverridable="true" Name="Console Server IP Address">
                  <AllowedValues />
                </AttachedAttribute>
                <AttachedAttribute IsLocal="true" IsOverridable="true" Name="Console User">
                  <AllowedValues />
                </AttachedAttribute>
                <AttachedAttribute IsLocal="true" IsOverridable="true" Name="Console Password">
                  <AllowedValues />
                </AttachedAttribute>
                <AttachedAttribute IsLocal="true" IsOverridable="true" Name="Console Port">
                  <AllowedValues />
                </AttachedAttribute>
                <AttachedAttribute IsLocal="true" IsOverridable="true" Name="CLI Connection Type">
                  <AllowedValues />
                </AttachedAttribute>
                <AttachedAttribute IsLocal="true" IsOverridable="true" Name="CPU usage">
                  <AllowedValues />
                </AttachedAttribute>
                <AttachedAttribute IsLocal="true" IsOverridable="true" Name="Memory usage">
                  <AllowedValues />
                </AttachedAttribute>
                <AttachedAttribute IsLocal="true" IsOverridable="true" Name="Memory Size">
                  <AllowedValues />
                </AttachedAttribute>
                <AttachedAttribute IsLocal="true" IsOverridable="true" Name="Number of CPUs">
                    <AllowedValues />
                </AttachedAttribute>

                <AttachedAttribute IsLocal="true" IsOverridable="true" Name="ESX Gateway">
                    <AllowedValues />
                </AttachedAttribute>
                <AttachedAttribute IsLocal="true" IsOverridable="true" Name="ESX DNS1">
                    <AllowedValues />
                </AttachedAttribute>
                <AttachedAttribute IsLocal="true" IsOverridable="true" Name="ESX DNS2">
                    <AllowedValues />
                </AttachedAttribute>
                <AttachedAttribute IsLocal="true" IsOverridable="true" Name="ESX Root Password">
                    <AllowedValues />
                </AttachedAttribute>
                <AttachedAttribute IsLocal="true" IsOverridable="true" Name="ESX Domain">
                    <AllowedValues />
                </AttachedAttribute>
                <AttachedAttribute IsLocal="true" IsOverridable="true" Name="OnRackID">
                    <AllowedValues />
                </AttachedAttribute>

                <AttachedAttribute IsLocal="true" IsOverridable="true" Name="Serial Number">
                    <AllowedValues />
                </AttachedAttribute>
                <AttachedAttribute IsLocal="true" IsOverridable="true" Name="ESX Netmask">
                    <AllowedValues />
                </AttachedAttribute>
                <AttachedAttribute IsLocal="true" IsOverridable="true" Name="ESX Repo URL">
                    <AllowedValues />
                </AttachedAttribute>
                <AttachedAttribute IsLocal="true" IsOverridable="true" Name="VisionID IP">
                    <AllowedValues />
                </AttachedAttribute>
                <AttachedAttribute IsLocal="true" IsOverridable="true" Name="BIOS Version">
                    <AllowedValues />
                </AttachedAttribute>

                <AttachedAttribute IsLocal="true" IsOverridable="true" Name="ESX PXE Network IP">
                    <AllowedValues />
                </AttachedAttribute>
                <AttachedAttribute IsLocal="true" IsOverridable="true" Name="ESX PXE Network Gateway">
                    <AllowedValues />
                </AttachedAttribute>
                <AttachedAttribute IsLocal="true" IsOverridable="true" Name="ESX PXE Network Netmask">
                    <AllowedValues />
                </AttachedAttribute>

                <AttachedAttribute IsLocal="true" IsOverridable="true" Name="Requires OS Deployment">
                    <AllowedValues />
                </AttachedAttribute>
            </AttachedAttributes>
            <AttributeValues>
                <AttributeValue Name="User" Value="" />
                <AttributeValue Name="Password" Value="3M3u7nkDzxWb0aJ/IZYeWw==" />
                <AttributeValue Name="Enable Password" Value="3M3u7nkDzxWb0aJ/IZYeWw==" />
                <AttributeValue Name="System Name" Value="" />
                <AttributeValue Name="Vendor" Value="" />
                <AttributeValue Name="OS Type" Value="" />
                <AttributeValue Name="OS Version" Value="" />
                <AttributeValue Name="Location" Value="" />
                <AttributeValue Name="Model" Value="" />
                <AttributeValue Name="CPU usage" Value="0" />
                <AttributeValue Name="Memory usage" Value="0" />
                <AttributeValue Name="Storage Capacity" Value="" />
                <AttributeValue Name="Backup Location" Value="" />
                <AttributeValue Name="SNMP Read Community" Value="" />
                <AttributeValue Name="SNMP Write Community" Value="" />
                <AttributeValue Name="SNMP V3 Password" Value="" />
                <AttributeValue Name="SNMP V3 Private Key" Value="" />
                <AttributeValue Name="SNMP V3 User" Value="" />
                <AttributeValue Name="SNMP Version" Value="" />
                <AttributeValue Name="Console Server IP Address" Value="" />
                <AttributeValue Name="Console User" Value="" />
                <AttributeValue Name="Console Password" Value="3M3u7nkDzxWb0aJ/IZYeWw==" />
                <AttributeValue Name="Console Port" Value="0" />
                <AttributeValue Name="CLI Connection Type" Value="Auto" />
                <AttributeValue Name="Power Management" Value="False" />
                <AttributeValue Name="Memory Size" Value="0" />
                <AttributeValue Name="Number of CPUs" Value="0" />

                <AttributeValue Name="ESX Gateway" Value="" />
                <AttributeValue Name="ESX DNS1" Value="" />
                <AttributeValue Name="ESX DNS2" Value="" />
                <AttributeValue Name="ESX Root Password" Value="" />
                <AttributeValue Name="ESX Domain" Value="" />
                <AttributeValue Name="OnRackID" Value="" />
                <AttributeValue Name="Serial Number" Value="" />
                <AttributeValue Name="ESX Netmask" Value="" />
                <AttributeValue Name="ESX Repo URL" Value="" />
                <AttributeValue Name="VisionID IP" Value="" />
                <AttributeValue Name="BIOS Version" Value="" />

                <AttributeValue Name="ESX PXE Network IP" Value="" />
                <AttributeValue Name="ESX PXE Network Gateway" Value="" />
                <AttributeValue Name="ESX PXE Network Netmask" Value="" />

                <AttributeValue Name="Requires OS Deployment" Value="True" />

            </AttributeValues>
            <ParentModels />
            <Drivers>
                <DriverName>ComputeShellDriver</DriverName>
            </Drivers>
            <Scripts />
        </ResourceModel>

    </Models>
      <Categories />
    </ResourceFamily>
    <ResourceFamily IsConnectable="true" IsLockedByDefault="true" IsSearchable="true" Name="Port">
      <AttachedAttributes />
      <AttributeValues />
      <Models>
       <ResourceModel Description="" Name="Resource Port" SupportsConcurrentCommands="false">
         <AttachedAttributes>
           <AttachedAttribute IsLocal="true" IsOverridable="true" Name="MAC Address">
             <AllowedValues />
           </AttachedAttribute>
           <AttachedAttribute IsLocal="true" IsOverridable="true" Name="IPv4 Address">
             <AllowedValues />
           </AttachedAttribute>
           <AttachedAttribute IsLocal="true" IsOverridable="true" Name="IPv6 Address">
             <AllowedValues />
           </AttachedAttribute>
           <AttachedAttribute IsLocal="true" IsOverridable="true" Name="Port Speed">
             <AllowedValues />
           </AttachedAttribute>
           <AttachedAttribute IsLocal="true" IsOverridable="true" Name="MTU">
             <AllowedValues />
           </AttachedAttribute>

         </AttachedAttributes>
         <AttributeValues>
           <AttributeValue Name="MAC Address" Value="" />
           <AttributeValue Name="IPv4 Address" Value="" />
           <AttributeValue Name="IPv6 Address" Value="" />
           <AttributeValue Name="Port Speed" Value="" />
           <AttributeValue Name="MTU" Value="0" />

         </AttributeValues>
     <ParentModels>
       <ParentModelName>ComputeShell</ParentModelName>
     </ParentModels>
     <Drivers />
     <Scripts />
       </ResourceModel>
     </Models>
     <Categories />
   </ResourceFamily>
   <ResourceFamily Description="" IsConnectable="true" IsLockedByDefault="true" IsSearchable="true" Name="Power Port">
        <AttachedAttributes />
		<AttributeValues />
		<Models>
        <ResourceModel Description="" Name="Generic Power Port" SupportsConcurrentCommands="false">
		<AttachedAttributes>
            <AttachedAttribute IsLocal="true" IsOverridable="true" Name="Model">
              <AllowedValues />
            </AttachedAttribute>
            <AttachedAttribute IsLocal="true" IsOverridable="true" Name="Serial Number">
              <AllowedValues />
            </AttachedAttribute>
            <AttachedAttribute IsLocal="true" IsOverridable="true" Name="Version">
              <AllowedValues />
            </AttachedAttribute>
            <AttachedAttribute IsLocal="true" IsOverridable="true" Name="Port Description">
              <AllowedValues />
            </AttachedAttribute>
        </AttachedAttributes>
        <AttributeValues>
            <AttributeValue Name="Model" Value="" />
            <AttributeValue Name="Serial Number" Value="" />
	    <AttributeValue Name="Version" Value="" />
            <AttributeValue Name="Port Description" Value="" />
        </AttributeValues>
	    <ParentModels>
            <ParentModelName>ComputeShell</ParentModelName>
          </ParentModels>
          <Drivers />
          <Scripts />
        </ResourceModel>
      </Models>
      <Categories />
    </ResourceFamily>
  </ResourceFamilies>
  <DriverDescriptors>
      <DriverDescriptor DriverType="PythonDriver" Name="ComputeShellDriver" />
  </DriverDescriptors>
</DataModelInfo>