﻿<DataModelInfo xmlns="http://schemas.qualisystems.com/ResourceManagement/DataModelSchema.xsd">
  <Attributes>
    <AttributeInfo DefaultValue="" Description="The device physical location identifier. For example: Lab1/Floor2/Row5/Slot4" IsReadOnly="false" Name="Location" Type="String">
      <Rules Override="false">
	     <Rule Name="Setting" />
	     <Rule Name="Available For Abstract Resources" />
      </Rules>
    </AttributeInfo>
	<AttributeInfo DefaultValue="" Description="" IsReadOnly="false" Name="Management Start IP" Type="String">
      <Rules Override="false">
	     <Rule Name="Configuration" />
      </Rules>
    </AttributeInfo>
	<AttributeInfo DefaultValue="" Description="" IsReadOnly="false" Name="Management End IP" Type="String">
      <Rules Override="false">
	     <Rule Name="Configuration" />
      </Rules>
    </AttributeInfo>
	<AttributeInfo DefaultValue="" Description="" IsReadOnly="false" Name="Management Netmask" Type="String">
      <Rules Override="false">
	     <Rule Name="Configuration" />
      </Rules>
    </AttributeInfo>
	<AttributeInfo DefaultValue="" Description="" IsReadOnly="false" Name="Management DNS1" Type="String">
      <Rules Override="false">
	     <Rule Name="Configuration" />
      </Rules>
    </AttributeInfo>
	<AttributeInfo DefaultValue="" Description="" IsReadOnly="false" Name="Management DNS2" Type="String">
      <Rules Override="false">
	     <Rule Name="Configuration" />
      </Rules>
    </AttributeInfo>
	<AttributeInfo DefaultValue="" Description="" IsReadOnly="false" Name="Management NTP" Type="String">
      <Rules Override="false">
	     <Rule Name="Configuration" />
      </Rules>
    </AttributeInfo>
	<AttributeInfo DefaultValue="" Description="" IsReadOnly="false" Name="Management Search Domains" Type="String">
      <Rules Override="false">
	     <Rule Name="Configuration" />
      </Rules>
    </AttributeInfo>
	<AttributeInfo DefaultValue="" Description="" IsReadOnly="false" Name="Data Start IP" Type="String">
      <Rules Override="false">
	     <Rule Name="Configuration" />
      </Rules>
    </AttributeInfo>
	<AttributeInfo DefaultValue="" Description="" IsReadOnly="false" Name="Data End IP" Type="String">
      <Rules Override="false">
	     <Rule Name="Configuration" />
      </Rules>
    </AttributeInfo>
	<AttributeInfo DefaultValue="" Description="" IsReadOnly="false" Name="Data Netmask" Type="String">
      <Rules Override="false">
	     <Rule Name="Configuration" />
      </Rules>
    </AttributeInfo>
	<AttributeInfo DefaultValue="" Description="" IsReadOnly="false" Name="Data Search Domains" Type="String">
      <Rules Override="false">
	     <Rule Name="Configuration" />
      </Rules>
    </AttributeInfo>
  </Attributes>
  <ResourceFamilies>
    <ResourceFamily Description="" IsConnectable="false" IsLockedByDefault="false" IsSearchable="true" Name="Site Manager" ResourceType="Resource">
      <AttachedAttributes>
      </AttachedAttributes>
      <AttributeValues>
      </AttributeValues>
      <Models>
      <ResourceModel Description="" Name="SiteManagerShell" SupportsConcurrentCommands="false">
            <AttachedAttributes>
                <AttachedAttribute IsLocal="true" IsOverridable="true" Name="Location">
                  <AllowedValues />
                </AttachedAttribute>
                <AttachedAttribute IsLocal="true" IsOverridable="true" Name="Management Start IP">
                  <AllowedValues />
                </AttachedAttribute>
                <AttachedAttribute IsLocal="true" IsOverridable="true" Name="Management End IP">
                  <AllowedValues />
                </AttachedAttribute>
                <AttachedAttribute IsLocal="true" IsOverridable="true" Name="Management Netmask">
                  <AllowedValues />
                </AttachedAttribute>
                <AttachedAttribute IsLocal="true" IsOverridable="true" Name="Management DNS1">
                  <AllowedValues />
                </AttachedAttribute>
                <AttachedAttribute IsLocal="true" IsOverridable="true" Name="Management DNS2">
                  <AllowedValues />
                </AttachedAttribute>
                <AttachedAttribute IsLocal="true" IsOverridable="true" Name="Management NTP">
                  <AllowedValues />
                </AttachedAttribute>
                <AttachedAttribute IsLocal="true" IsOverridable="true" Name="Management Search Domains">
                  <AllowedValues />
                </AttachedAttribute>
                <AttachedAttribute IsLocal="true" IsOverridable="true" Name="Data Start IP">
                  <AllowedValues />
                </AttachedAttribute>
                <AttachedAttribute IsLocal="true" IsOverridable="true" Name="Data End IP">
                  <AllowedValues />
                </AttachedAttribute>
                <AttachedAttribute IsLocal="true" IsOverridable="true" Name="Data Netmask">
                  <AllowedValues />
                </AttachedAttribute>
                <AttachedAttribute IsLocal="true" IsOverridable="true" Name="Data Search Domains">
                  <AllowedValues />
                </AttachedAttribute>
                
            </AttachedAttributes>
            <AttributeValues>
                
				<AttributeValue Name="Location" Value="" />
				<AttributeValue Name="Management Start IP" Value="" />
				<AttributeValue Name="Management End IP" Value="" />
				<AttributeValue Name="Management Netmask" Value="" />
				<AttributeValue Name="Management DNS1" Value="" />
				<AttributeValue Name="Management DNS2" Value="" />
				<AttributeValue Name="Management NTP" Value="" />
				<AttributeValue Name="Management Search Domains" Value="" />
				<AttributeValue Name="Data Start IP" Value="" />
				<AttributeValue Name="Data End IP" Value="" />
				<AttributeValue Name="Data Netmask" Value="" />
				<AttributeValue Name="Data Search Domains" Value="" />
              </AttributeValues>
            <ParentModels />
            <Drivers>
                <DriverName>SiteManagerShellDriver</DriverName>
            </Drivers>
            <Scripts />
        </ResourceModel>

    </Models>
      <Categories />
    </ResourceFamily>
  </ResourceFamilies>
  <DriverDescriptors>
      <DriverDescriptor DriverType="PythonDriver" Name="SiteManagerShellDriver" />
  </DriverDescriptors>
</DataModelInfo>